{
  "raw": {
    "accuracy": 0.7501743942705669,
    "macro_f1": 0.7419515673704231,
    "per_class_f1": {
      "Angry": 0.7263399964615583,
      "Disgust": 0.6428392901770005,
      "Fear": 0.7640291148151965,
      "Happy": 0.8014249597788646,
      "Sad": 0.7169811320749732,
      "Surprise": 0.787085811384378,
      "Neutral": 0.7549606669009908
    },
    "nll": 1.3153353929519653,
    "ece": 0.13101938366889954
  },
  "temperature_scaled": {
    "mode": "global",
    "global_temperature": 3.2281339168548584,
    "accuracy": 0.7501743942705669,
    "macro_f1": 0.7419515673704231,
    "per_class_f1": {
      "Angry": 0.7263399964615583,
      "Disgust": 0.6428392901770005,
      "Fear": 0.7640291148151965,
      "Happy": 0.8014249597788646,
      "Sad": 0.7169811320749732,
      "Surprise": 0.787085811384378,
      "Neutral": 0.7549606669009908
    },
    "nll": 0.7777565717697144,
    "ece": 0.04989691823720932
  }
}